id;name;department;child_department;email;status;check_in
1;calculate Investment Account;Soft Investment Account port;innovative Realigned;Carey51@yahoo.com;32002;2024-01-29T02:11:51
2;Tuna;California override;bypassing Home Indiana;Augustine_Kris71@gmail.com;65309;2024-01-28T20:35:47
3;backing up;Berkshire Isle;cross-platform;Antonina_Turner@gmail.com;54645;2024-01-29T03:11:33
4;internet solution Games Singapore;Connecticut Berkshire Wooden;Music pink;Vesta_Dibbert53@hotmail.com;44379;2024-01-29T02:02:14
5;Factors;deposit Decentralized Home Loan Account;Fish ROI Sausages;Zaria_Lebsack@yahoo.com;45928;2024-01-29T06:18:07
6;infrastructures 24 hour Sleek;Cambridgeshire Illinois;Small Concrete Chicken;Maximillian79@hotmail.com;63761;2024-01-28T11:07:39
7;white;e-business;Shoes purple white;Nya.Bauch@hotmail.com;43072;2024-01-28T16:23:06
8;Kids Checking Account;National;Pants;Macey0@gmail.com;66048;2024-01-29T08:58:13
9;Personal Loan Account;Ball Investor;Soft Crest Practical Wooden Towels;Graciela_Hansen53@yahoo.com;22443;2024-01-28T19:39:18
10;communities Cheese communities;multi-state North Carolina;Gorgeous Baby Toys;Trenton88@gmail.com;14242;2024-01-28T17:59:48
